Title,Priority
4 Tigers,0
A Conversation with Samantha Shannon,0
A Prayer for the Dying,0
After Blue (Paradis sale),0
After Ego,0
Ahead of the game: The art of playful narrative,0
Alice au pays des merveilles,0
Annihilation,0
Appofeniacs,0
Arts de rue : Bouboule et Quatzieux,0
Arts de rue : Chaussette,0
Arts de rue : Helvetia,0
Arts de rue : Le Conte Abracadabrant,0
Arts de rue : Réaction en chaîne,0
Asian Shorts,0
At the Place of Ghosts,0
Atelier cinéma et effets spéciaux 1,0
Atelier cinéma et effets spéciaux 2,0
Atelier cinéma et effets spéciaux 3,0
Atelier cinéma et effets spéciaux 4,0
Atelier de création fantasy 1,0
Atelier de création fantasy 2,0
Atelier de création fantasy 3,0
Atelier d'écriture familles,0
Atelier d'écriture : Utopies liquides,0
Au carrefour de l'animation et du fantastique,0
Baahubali: The Epic,0
"Bertrand Mandico : Le fond, la forme et la fabrique",0
Blades of the Guardians,0
Blood on Snow,0
Bloody Birthday,0
Breeder,0
"Castlevania, une saga immortelle",0
Colony,0
Constellation Mandico,0
Dead End,0
Deadline,0
Decorado,0
Die Blechtrommel,0
Donnie Darko: Ciné-concert,0
Eega,0
En eaux profondes,0
Eva,0
Evil Dead Burn,0
"Fish, Fists and Ambergris",0
Frailty,0
From Dusk Till Dawn,0
Furiosa: A Mad Max Saga,0
Gaua,0
Ghost in the Cell,0
Goal of the Dead,0
HAPPY BIRTHDAY!,0
Happy Birthday to Me,0
Happy Death Day,0
Hen,0
Heysel 85,0
Higuma!! The Killer Bear,0
Histoires de la nuit,0
Hokum,0
Hotspring Sharkattack 2: Great Kyushu Showdown,0
I Grew an Inch When My Father Died,0
If I Go Will They Miss Me,0
Ikatan Darah,0
Il était une fois les super héros et héroïnes,0
Imposters,0
Intacto,0
International Shorts 1,0
International Shorts 2,0
Jeu de rôle : Je ne suis déjà mort,0
Jeu de rôle : Le Bastion de Gaïa,0
Jeu de rôle : Mission archéo,0
Jeux de société,0
Jump Scare,0
KID-O-NIFFF,0
La Cérémonie,0
La Dame d'outre-nulle part,0
La Paloma,0
La Source de nos Peurs,0
La valle dei sorrisi,0
L'archéologie dans le cinéma fantastique,0
Les Âmes en peine,0
Les Anneaux de Pouvoir : du croquis à l'écran,0
Les courts s’invitent à la fête,0
Les Garçons sauvages,0
L'Heure Verte,0
Light Pillar,0
Logan's Run,0
Matapanki,0
Match Monde,0
Mi Amor,0
Mort un dimanche de pluie,0
Mulholland Drive,0
Mulholland Drive : capitalisme culturel et politique du désir,0
"Mum, I’m Alien Pregnant",0
My Daughter Is a Zombie,0
Nadja,0
Nightborn,0
Nope,0
Parasite – Schwarz-Weiß-Version,0
Perspectives pour le cinéma de genre en Suisse,0
Phenomena,0
Phi Phong: The Blood Demon,0
Privadas de suas vidas,0
Quince,0
Ready Player One,0
[REMINIX],0
Rencontre avec Frederik Peeters,0
Requiem for a Dream,0
Ritual,0
RRR,0
S.S. Rajamouli Masterclass,0
Saccharine,0
Salvation,0
Sanguine,0
Shaolin Soccer,0
Shrek,0
"Sie glauben an Engel, Herr Drowak?",0
Sisters,0
Sleep No More,0
Subsuelo,0
Swiss Shorts,0
Tchan-Zâca,0
Teenage Sex and Death at Camp Miasma,0
The Birthday,0
The Furious,0
The Hunger,0
The Omen,0
The Rocky Horror Picture Show (Live Event),0
The Samurai and the Prisoner,0
The Virgin Suicides,0
Tomb Raider,0
Tumbbad,0
VFX Breakdown Predator: Badlands,0
"When AI creates, who is the artist?",0
You are the Film,0
